purchase_date;purchase_cost;annual_depreciation_rate;phase_number;description
30/06/1983;743,32;20,00;0000000005;brancolor
04/03/1987;881,14;20,00;0000000010;bac et mat scol
08/09/1993;228,67;20,00;0000000025;Petit materiel de labo diver
17/03/1995;1372,57;10,00;0000000028;tables et chaises
01/02/1995;487,84;20,00;0000000029;Objectif 150
03/05/1995;442,1;20,00;0000000030;Mamiya 645j
31/10/1989;288,15;33,33;0000000033;Spires
12/01/1990;1455,83;20,00;0000000036;Objectifs 4.5/180
27/03/2002;2370,47;20,00;0000000047;MMf pro mamiya rb67+3.8/90mm
24/04/1986;4647,93;20,00;0000000055;MATERIEL LABO
27/11/1985;4043,01;20,00;0000000057;FLASH
21/11/1985;4448;20,00;0000000059;MAT PHOTO
19/11/1985;1198,87;20,00;0000000060;BOITIER
30/10/1985;701,33;20,00;0000000061;MARGEUR
08/10/1985;308,35;20,00;0000000062;COMPTE POSE
30/05/1985;46,74;20,00;0000000064;Objectifs
15/05/1985;56,05;20,00;0000000065;OBJECTIF
07/05/1985;34,38;20,00;0000000067;OBJECTIF
29/04/1985;5949,5;20,00;0000000069;MATERIEL STUDIO
01/10/1987;1524,49;20,00;0000000070;PHOTO DIVERS
11/12/1987;1127,18;20,00;0000000071;GITZO
03/12/1987;1326,31;20,00;0000000072;PHOTO
09/10/1987;1262,2;20,00;0000000075;KIT DURST
25/09/1987;628,65;20,00;0000000077;LAMPES
28/12/1987;1145,08;20,00;0000000079;FUJINON 5.6/150 ET 5.6/210
31/12/1987;61,85;20,00;0000000080;OBJECTIF
07/10/1987;219,8;20,00;0000000083;PHOTO
03/11/1987;3334,54;20,00;0000000084;TV + SCOPE
08/01/1988;17218,65;20,00;0000000085;MARERIEL INFOGRAPHIE
28/09/1988;628,93;20,00;0000000086;REFLEX
21/09/1988;897,65;20,00;0000000087;Objectifs
23/09/1988;720,68;20,00;0000000088;MATERIEL SON
04/10/1988;410,51;20,00;0000000089;MATERIEL LABO
29/09/1988;1645,35;20,00;0000000090;Objectifs
30/09/1988;562,95;20,00;0000000091;Objectifs
12/09/1988;5019,32;20,00;0000000092;MATERIEL STUDIO
20/10/1988;1512,09;20,00;0000000093;PIEDS
25/11/1988;757,06;20,00;0000000095;BOITES A LUMIERE
18/11/1988;1597,28;20,00;0000000096;CHAMBRES
06/01/1989;1636,45;20,00;0000000097;FUJINON
31/12/1988;444,85;20,00;0000000098;CHASSIS 4*5 INCH
23/02/1989;383,73;20,00;0000000099;ECLAIRAGE
31/01/1989;2249,42;20,00;0000000100;TGS
28/03/1989;471,54;20,00;0000000102;MARGEUR
29/10/1990;736,11;20,00;0000000103;MARGEUR
23/11/1990;394,9;20,00;0000000104;COMPTEURS TABLES QUARTZ
13/12/1990;368,05;20,00;0000000105;MARGEURS
31/10/1990;1905,86;20,00;0000000106;PHOTO SERVICE DIVERS
21/12/1990;12299,04;20,00;0000000107;DEVELOPPEUSE
27/12/1990;863,79;20,00;0000000109;OBJECTIFS RODAGON
28/12/1990;1829,31;20,00;0000000110;FUJINON
31/01/1991;2762,85;20,00;0000000111;AGRANDISSEUR JOBO+ COMPTE
30/08/1991;126,87;20,00;0000000115;CANON RE EX-1 HI NU
02/09/1991;1548,03;20,00;0000000116;CANON EX-1 HI NU
12/09/1991;658,88;20,00;0000000117;COMPT-T GRALAB 300 220V PHOTO
30/09/1991;3888,09;20,00;0000000118;OBJECTIFS RODAGON PHOTO SERV
08/10/1991;3979,71;20,00;0000000119;SINAR F1 STANDARD 4*5 BRONC
09/10/1991;441,33;20,00;0000000120;ZOOM CL 15* ET 8* CANON
03/12/1991;441,33;20,00;0000000121;CANON ZOOM CL 3*
25/11/1991;139,82;20,00;0000000122;COUPE FLUX 4 VOLETS TRAVELLE
11/12/1992;3514,01;20,00;0000000129;DENSIOMETRE X.RITE 820 VANNI
28/12/1992;154,62;20,00;0000000131;COUPEUSE ROTATIVE 45 CM JIP
28/12/1992;632,97;20,00;0000000133;OPTIQUE 150 MM+ RODAGON +R
28/12/1992;834,58;20,00;0000000134;OPTIQUE 2.8/50 BESELER HD
29/12/1992;178,21;20,00;0000000135;PASSE VUE NEGAFLAT JIPE LAB
29/12/1992;1159,62;20,00;0000000136;BESELER 67 SCXL JIPE LABO
29/12/1992;806,47;20,00;0000000137;DIVERS PASSE VUE JIPE LABO
29/12/1992;1472,44;20,00;0000000138;CHASSIS 45 VXL BESELER JIPE
29/12/1992;1739,44;20,00;0000000139;BESELER 67 SCXL
30/07/1993;1757,01;20,00;0000000142;SYST PROF PDV NUM DC3 FACT
20/12/1993;131,78;20,00;0000000146;COUPEUSE ROTATIVE 45 CM
20/12/1993;189,77;20,00;0000000147;BESELER 4/80 8641
20/12/1993;888,17;20,00;0000000148;OPTIQUE RODAGON BESELER 150M
12/01/1994;1059,47;20,00;0000000152;MATERIEL PHOTOGRAPHIQUE
18/01/1994;384,78;20,00;0000000153;MALAD. TORCHE MAGNOLITE 3200
07/12/1994;767,39;20,00;0000000158;MINOLTA X300S +MINOLTA MD 3
05/05/1995;258,47;20,00;0000000160;CHAS POLAROID 4030
19/05/1995;1560,44;20,00;0000000161;OBJECTIF RODAGON
29/09/1995;1661,28;20,00;0000000163;OBJECTIF RODAGON + LAMPE PIL
30/10/1995;706,02;20,00;0000000165;MINI STUDIO TASCAM + TABLE
30/11/1995;3148,36;20,00;0000000166;APO-SIRONAR 5.6/150MN ET 210
21/12/1995;4854,66;20,00;0000000167;STUDIO SET 3 MINISTUDIO 606
27/11/1995;932,43;20,00;0000000169;APO- SIRONAR-N 5.6/210MN COP
01/01/1996;5020,76;20,00;0000000170;SINAR F1 / BRONCOLOR
12/05/2000;378,84;20,00;0000000175;5 X MARGEURS TOG 24*30
25/09/1989;205,57;20,00;0000000176;COMPT MURAL
14/09/1989;2300,8;20,00;0000000177;OBJECT. COMPONON +RODAGON
02/10/1989;258,37;20,00;0000000179;ECLAIRAGE
17/11/1989;12901,16;20,00;0000000182;ECLAIRAGE
30/11/1989;206,77;20,00;0000000183;PIEDS
15/12/1989;53,49;20,00;0000000184;DIVERS
30/11/1989;933,79;20,00;0000000185;MONO FLASH PROLIT
13/12/1989;3109,92;20,00;0000000186;OBJECT RODAGON
31/01/1990;347,45;20,00;0000000187;MARGEURS
16/02/1990;397,08;20,00;0000000188;MARGEURS
16/02/1990;670,82;20,00;0000000189;OBJECT COMPONON
12/03/1990;983,81;20,00;0000000190;OBJECT + DEVELOPPEUSE
31/10/1989;566,29;20,00;0000000192;MARGEUR
03/11/1989;4987,26;20,00;0000000193;ECLAIRAGE
31/01/1990;668,76;20,00;0000000194;OBJECTIFS COMPONON
11/10/1996;2530,64;20,00;0000000196;PIED PRO STUDEX + GIRAFE SUP
04/12/1996;2846,48;20,00;0000000198;AGRANDISSEUR LPL C7700
09/12/1996;6687,07;20,00;0000000199;MAGNO-40 GENERATEUR MAGNOLIT
30/12/1996;518,64;20,00;0000000200;OBJECTIF 75 MN F4.5
05/11/1997;1399,47;20,00;0000000202;9 MARGEUR TOG 24*30 + 7 COMP
23/12/1997;1587,83;20,00;0000000206;LUXMETRE ANALOGIQUE JUX.CDA
09/01/1997;609,8;20,00;0000000207;BOITIER MAMIYA 6451000S
17/03/1997;1512,3;20,00;0000000208;TABLES INFORMATIQUE
21/10/1997;874,53;20,00;0000000209;10 OBJECTIFS HANIMAR 50MN
16/01/1998;1716,04;20,00;0000000210;UPSOT SPOT UNIVERSEL MUTIBL
05/05/1998;417,7;20,00;0000000211;2 TABLES FACULTE + 8 CHAISES
05/05/1998;631,92;20,00;0000000212;APO SIRONAR 5.6/150 MM
10/12/1998;3546,33;20,00;0000000214;APPAREIL NUMERIQUE
10/12/1998;261,79;20,00;0000000219;COMPTE POSE VIPO AHEL
06/10/1999;539,24;20,00;0000000224;HANIMA/ANARET/TIREUSE CONTAC
06/10/1999;132,73;20,00;0000000225;COMPTE POSE VIPO-AHEL
26/11/1999;2260,15;20,00;0000000227;MMF ECLAIRAGE PHOTO
08/12/1999;467,31;20,00;0000000230;FLASHMATE CELLULE
14/12/1999;1805,65;20,00;0000000231;SINAR FZ
22/11/2001;2740,65;20,00;0000000234;BOITIER NUMERIQUE NIKON COOL
22/11/2001;4061,54;20,00;0000000235;BOITIER NUMERIQUE NIKON D1
22/11/2001;570,54;20,00;0000000237;ZOOM NIKKOR AF 18-35/3.5 4.5
09/11/2001;3422,59;20,00;0000000241;UN ENSEMBLE LUMIERE MMF PRO
15/03/2002;11863,82;20,00;0000000246;ENSEMBLE DOS DIGITAL SINARBA
28/02/2002;625;33,33;0000000247;LOGICIEL AJARIS-PRO C/S 3 AC
26/02/1988;3451,38;10,00;0000000256;PORTAIL
07/12/1993;2934,2;10,00;0000000265;PANNEAU FACADE ET ACCEUIL AC
03/04/1998;629,36;10,00;0000000277;TRETEAU SUPER PRO ROUGE
03/11/1997;3737,03;20,00;0000000321;FACTURE JEULIN 99064
28/11/1997;2829,48;20,00;0000000322;FACTURE JEULIN 99064
28/11/1997;1953,37;20,00;0000000323;FACTURE MATELCO DIFFUSION 27
09/12/1997;536,89;10,00;0000000324;FACTURE JEULIN 108792
24/12/1997;5827,52;10,00;0000000325;FACTURE JEULIN 114488
13/01/1998;380,75;10,00;0000000326;FACTURE LEROY MERLIN
15/01/1998;31,73;10,00;0000000327;FACTURE LEROY MERLIN
04/02/1998;292,49;20,00;0000000328;FACTURE 3441 MATELCO DIFFUSIO
05/05/1998;145,11;10,00;0000000329;FACTURE 3090948 PROLABO
11/05/1998;1042,77;20,00;0000000330;FACTURE 4233 MATELCO DIFFUSION
08/11/2002;800;20,00;0000000371;APPAREIL MAMIIYA M643 108446
14/11/2002;210;20,00;0000000372;APPAREIL YACHITA MAF124G 54031
01/07/2002;500;20,00;0000000373;APPAREIL MAMIYA 645 N°420712
15/10/2002;1865,76;20,00;0000000375;TABLE INFORMATIQUE T5015
19/11/2002;5079,41;20,00;0000000376;ENSEMBLE VARILUX 1500 S
22/12/2003;1199,25;20,00;0000000386;BIP SCAN LS 500ED
22/12/2003;1495;20,00;0000000387;BIP F100 NU
22/12/2003;1392,75;20,00;0000000388;BIP KIT COOPIX 4500
22/12/2003;765,44;20,00;0000000389;BIP AF 24-85/2.8-4
01/07/2003;511,29;20,00;0000000390;BIP MINOLTA SPOTMETER
09/02/2004;484,38;20,00;0000000408;Flashmate cellule/flashmatre
28/12/2004;1518,8;20,00;0000000412;Pulse colerelite standard rvb optix
28/12/2004;301,93;33,33;0000000413;Autometer VF Minolta min 8058103
28/12/2004;210,5;33,33;0000000415;143 Magic arm complet
28/12/2004;172,22;33,33;0000000416;244 Bras à fixation variable
28/12/2004;22,96;50,00;0000000417;175 Pince spring clamp
28/12/2004;32,53;50,00;0000000418;003B Base seule pied backlite
28/12/2004;44,01;50,00;0000000419;237HD Bras flexible heavy 520mm
24/05/2005;799;33,33;0000000422;PC portable EN 23410 Packard bell
12/01/2005;518,47;33,33;0000000423;Scanner perfection 4
30/09/2005;890;33,33;0000000433;NIKON NUM D70+18-70AF
25/10/2005;372,43;33,33;0000000440;TABLEFAC 180X50T6N T5015
15/09/2006;824,04;33,33;0000000446;Vidéoprojecteur EPSON EMP62 SVGA
15/09/2006;6673,69;33,33;0000000448;PC DELL optiplex GX620
29/09/2006;356,77;25,00;0000000449;Embase corps avant F1 & vissante
29/09/2006;2131,01;20,00;0000000450;Chambre sinar F1 4X5/9X12
23/11/2006;58,46;33,33;0000000451;Belkin FIRE-WIRE 3ports
24/11/2006;1844,23;33,33;0000000452;PC dell optiplex GX620MT Pentium
06/12/2006;1210,35;25,00;0000000453;DURST M-670 N/B VEGA & Accessoires
06/12/2006;1512,75;25,00;0000000454;DURST M-670 Couleur Vegacolor & acc
15/12/2006;824,04;33,33;0000000455;Vidéoprogecteur EPSON EMP62 SVGA
30/08/2006;3205,28;33,33;0000000456;PC dell PE 1800 N° 5KCVF2J
13/09/2006;7299,19;33,33;0000000457;Adobe Créative Suite Prénium 2
13/10/2006;2804,62;20,00;0000000458;SB-800 FLASH NIKON
13/10/2006;498,73;20,00;0000000459;Scanner PERFECTION 4990 Photo epson
13/10/2006;7750,08;20,00;0000000460;Scanner flextight 646 Hasselblad
13/10/2006;9807,2;20,00;0000000461;Ixpress 132C Hasselblad
13/10/2006;11385,92;20,00;0000000462;Boitier numériq Hasselblad 503CWD16
13/10/2006;1786,82;20,00;0000000463;MAMIYA RZ +dos120 + obj 110mm+ vise
13/10/2006;777,41;20,00;0000000464;Objectif MANIYA 180mm
13/07/2006;1284,5;33,33;0000000465;PC Precision 380 N° 3DKHC2J
20/11/2006;607;33,33;0000000466;PC Portable Packard Bell R2005
03/03/2007;582,28;33,33;0000000470;Imprimante HP phtosmart B9180
09/03/2007;637,91;33,33;0000000471;Matériel Salle Physique
13/03/2007;881,19;33,33;0000000472;Matériel Salle Physique
14/05/2007;3600;33,33;0000000473;Imprimante Epson 7800
20/07/2007;1016,6;33,33;0000000474;PC Précision390N N° B0TC13J
20/07/2007;1016,6;33,33;0000000475;PC Précision 390N N°C0TC13J
20/07/2007;1016,6;33,33;0000000476;PC Précision 390N N° D0TC13J
20/07/2007;1016,6;33,33;0000000477;PC Précision 390N N° F0TC13J
20/07/2007;1016,6;33,33;0000000478;PC Précision 390N N° G0TC13J
20/07/2007;167,44;33,33;0000000479;POWER Connect 2716 N°HBD7SB1
30/07/2007;245,18;33,33;0000000480;Ecran LCD195VXM N°73D00287NB
30/07/2007;245,18;33,33;0000000481;Ecran LCD195VXM N°73D00086NB
30/07/2007;245,18;33,33;0000000482;Ecran LCD 195VXM N° 73D00340NB
31/08/2007;284,65;33,33;0000000483;Ecran LCD 195VXM N° 76d03670nb
20/09/2007;1040,52;33,33;0000000484;PC Précision 390N N°GDPV43J
20/09/2007;1040,52;33,33;0000000485;PC Précision 390N N° HDPV43J
20/09/2007;1040,52;33,33;0000000486;PC Précision 390N N° JDPV43J
20/09/2007;3401,62;25,00;0000000487;MMF Equipement studio
27/09/2007;75,59;25,00;0000000488;Reflecteur Argent blanc 77cm
12/10/2007;230,11;20,00;0000000489;Tables Fac T6 T5015
01/07/2007;135,27;25,00;0000000490;Chaises Etude 4 pieds T6 T5015
10/10/2007;1166,38;25,00;0000000491;Chaise LUCY coque grise lot de 30
10/10/2007;52,53;25,00;0000000492;Table SIRIUS T6 T1023
10/10/2007;24,98;25,00;0000000493;Chaise 4pieds 850 T6 T1023
10/10/2007;74,92;25,00;0000000494;Chaise 4 pieds 850 T6 T5015
25/10/2007;1334,74;33,33;0000000495;Imprimante Epson Stylus pro 3800
07/11/2007;24,97;25,00;0000000496;Chaise 4 pieds  850 T6
12/11/2007;517,39;25,00;0000000497;Table Mimizan H71 T5 T5015
04/12/2007;243,8;33,33;0000000498;Disque Dur To USB2.0 Réf 69287
19/12/2007;937,52;33,33;0000000499;PC Précision 390N N° 1LK6C3J
19/12/2007;937,52;33,33;0000000500;PC Précision 390N N° 2LK6C3J
19/12/2007;61;33,33;0000000501;Disque Dur  DELL 80GO
19/07/2007;167,44;20,00;0000000503;Power Connect2716 N°69D7SB1
19/07/2007;167,44;20,00;0000000504;Power Connect 2716 N° 2CD7SB1
19/07/2007;167,44;20,00;0000000505;Power Connect 2716 N° 79D7SB1
19/07/2007;1016,6;20,00;0000000506;PC Précision 390N N°41B913J
19/07/2007;1016,6;20,00;0000000507;PC Précision 390N N° 61B913J
19/07/2007;1016,8;20,00;0000000508;PC Précision 390N N° 71B913J
19/07/2007;1016,6;20,00;0000000509;PC Précision 390N N°81B913J
19/07/2007;1016,6;20,00;0000000510;PC Précision 390N N° 91B913J
19/07/2007;1016,6;20,00;0000000511;PC Précision 390N N° B1B913J
01/07/2007;1016,6;20,00;0000000512;PC Précision 390N N° C1B913J
19/07/2007;1016,6;20,00;0000000513;PC Précision 390N N°D1B913J
30/07/2007;1650,48;20,00;0000000515;LCD Spectrawiew 2190 N° 6Y100162JB
31/08/2007;1650,48;20,00;0000000516;LCD NEC Spect 2190 N°78105282JB
28/08/2007;70,56;25,00;0000000519;Fauteuil Cuir RIMINI
28/08/2007;190,16;25,00;0000000520;Fauteu Croute de Cuir OMAR
05/09/2007;179,4;25,00;0000000521;Dactylo noir CD FERIA 2
11/10/2007;705,65;20,00;0000000523;Ensemble Bureau ATLANTA
01/07/2007;510,15;33,33;0000000525;MISTER GOOD DEAL ?
25/12/2007;723,25;33,33;0000000526;ACER Aspire N°130902860001R155
20/09/2007;1040,52;33,33;0000000527;PC Précision 390N N° 1FPV43J
30/07/2007;245,18;20,00;0000000528;Ecran LCD195VXM N° 72D08357NB
30/07/2007;245,18;20,00;0000000529;Ecran LCD 195VXM N° 72D08456NB
30/07/2007;245,18;20,00;0000000530;Ecran LCD195VXM N° 72D08457NB
30/07/2007;245,18;20,00;0000000531;Ecran LCD 195VXM N° 72D078459NB
30/07/2007;245,18;20,00;0000000532;Ecran LCD 195VXM N° 72D08472NB
30/07/2007;245,18;20,00;0000000533;Ecran LCDVXM N° 73D00086NB
30/07/2007;245,18;20,00;0000000534;Ecran LCD 195VXM N°73D00114NB
30/07/2007;245,18;20,00;0000000535;Ecran LCD 195VXM N°73D00185NB
30/07/2007;245,18;20,00;0000000536;Ecran LCD 195VXM N° 73D00198
30/07/2007;245,18;20,00;0000000537;Ecran LCD 195VXM N° 73D00244NB
30/07/2007;245,18;20,00;0000000538;Ecran LCD 195VXM N° 73D00340NB
30/07/2007;245,18;20,00;0000000539;Ecran LCD 195VXM N° 73D00421NB
30/07/2007;245,18;20,00;0000000540;Ecran LCD 195VXM N° 73D00649NB
30/07/2007;245,18;20,00;0000000541;Ecran LCD 195VXM N° 74D01374NB
30/07/2007;245,18;20,00;0000000542;Ecran LCD 195VXM N° 74D01375NB
30/07/2007;245,18;20,00;0000000543;Ecran LCD 195VXM N° 74D01376NB
30/07/2007;245,18;20,00;0000000544;Ecran LCD 195VXM N° 74D01377NB
30/07/2007;245,18;20,00;0000000545;Ecran LCD 195VXM N° 74D01378NB
30/07/2007;245,18;20,00;0000000546;Ecran LCD 195VXM N° 74D01380NB
30/07/2007;245,18;20,00;0000000547;Ecran LCD 195VXM N° 74D01381NB
30/07/2007;245,18;20,00;0000000548;Ecran LCD 195VXM N° 74D01385NB
30/07/2007;245,18;20,00;0000000549;Ecran LCD 195VXM N° 74D01396NB
30/07/2007;245,18;20,00;0000000550;Ecran 195LCDVXM N° 74D01397NB
30/07/2007;245,18;20,00;0000000551;Ecran LCD 195VXM N° 74D01398NB
30/07/2007;245,18;20,00;0000000552;Ecran LCD 195VXM N° 74D01399NB
30/07/2007;245,18;20,00;0000000553;Ecran LCD 195VXM N° 74D01400NB
30/07/2007;245,18;20,00;0000000554;Ecran LCD195VXM N° 74D01401NB
30/07/2007;245,18;20,00;0000000555;Ecran LCD 195VXM N° 74D01402NB
30/07/2007;245,18;20,00;0000000556;Ecran LCD 195VXM N° 74D01403NB
30/07/2007;245,18;20,00;0000000557;Ecran LCD 195VXM N° 74D01404NB
30/07/2007;245,18;33,33;0000000558;Ecran LCD 195VXM N° 74D01405NB
30/07/2007;245,18;33,33;0000000559;Ecran LCD 195VXM N° 76d03670nb
18/06/2008;321,72;20,00;0000000560;Power connect 2724-24 PortN°CW3M7F1
18/06/2008;2954,12;20,00;0000000561;Serveur pe2950 III N° FRSCR3J
18/06/2008;440,13;33,33;0000000562;ACC 42UR RACK 4210 N° 230R7G1
18/06/2008;263,12;33,33;0000000563;P73-04145 EDU WIN SVR ST2008
18/06/2008;418,6;33,33;0000000564;R18-02619 EDU WINDOWS SERVER CAL
18/06/2008;29,9;33,33;0000000565;P73-03832 WIN SVR STD 2008
18/06/2008;1408,88;20,00;0000000566;PC T3400 525W Intel N°FTPDR3J
18/06/2008;1408,88;20,00;0000000567;PC T3400 525W Intel N° GTPDR3J
18/06/2008;1408,89;20,00;0000000568;PC T3400 525W Intel N° HTPDR3J
18/06/2008;1408,89;20,00;0000000569;PC T3400 525W Intel N° JTPDR3J
18/06/2008;1408,89;20,00;0000000570;PC T3400 525W Intel N° 1VPDR3J
18/06/2008;1408,89;20,00;0000000571;PC T3400 525W Intel N° 2VPDR3J
18/06/2008;1408,89;20,00;0000000572;PC T3400 525W Intel N° 4VPDR3J
18/06/2008;1408,89;20,00;0000000573;PC T3400 525W Intel N° 5VPDR3J
18/06/2008;1408,89;20,00;0000000574;PC T3400 525W Intel N° VPDR3J
18/06/2008;1408,89;20,00;0000000575;PC T3400 525W Intel N° 7VPDR3J
18/06/2008;1408,89;20,00;0000000576;PC T3400 525W Intel N° 8VPDR3J
30/09/2007;1948,28;33,33;0000000577;Panneau d'exposition Salon
07/01/2008;175,43;33,33;0000000578;Disque dur Lomega Minimax externe N
30/06/2008;107,64;33,33;0000000580;Acc Belkin Fire Wire 3 port N°
01/09/2008;1674,4;50,00;0000000582;MAT MAMIYA 645 PRO 120MM
01/09/2008;239,2;50,00;0000000583;BOITIER MAMIYA 645 OBJ 55MM
01/09/2008;299;50,00;0000000584;MAT MAYIA 645 OBJ 80MM
29/08/2008;357,6;100,00;0000000585;Licence VISIONSOFT
02/09/2008;4094,45;33,33;0000000586;PC DELL T3400 525W
15/09/2008;548,96;25,00;0000000587;Chaises Etude T4
16/09/2008;722,62;25,00;0000000588;WACOM INTUOS 3 Format a4
19/09/2008;404,24;25,00;0000000589;Chaises 970 TT6
19/09/2008;62,2;25,00;0000000590;Chaises 970 TT6 T1023
19/09/2008;365,97;25,00;0000000591;Chaises étude 4 T5015
19/09/2008;63,39;25,00;0000000592;Table Siruis  130X50 T1023
19/09/2008;497,53;25,00;0000000593;Table Fac  180 X 40 T6
19/09/2008;190,16;25,00;0000000594;Table Siruis 4p 130 x 50 T6
19/09/2008;776,22;33,33;0000000595;VIDEO PROJECTEUR XGA EPSON EMP83H
03/10/2008;849,16;25,00;0000000596;Table CORNILLEAU SPORT 240
03/10/2008;131,87;50,00;0000000597;Ensemble Matériel Tennis de table
22/10/2008;4770;25,00;0000000598;MALETTE ECOUVERTE CHIMIE
22/10/2008;1790,05;25,00;0000000599;Ensemble Matériel CHIMIE
24/10/2008;159,96;25,00;0000000600;MASYG Cordon synchro 5m
24/10/2008;965,17;25,00;0000000601;MURAS-RT Kit déclencheur radio mult
24/10/2008;741,53;25,00;0000000602;RIFEX 80 Boite à lumière
09/10/2008;5094,96;100,00;0000000603;Ensemble de licence adobe & microso
29/10/2008;243,72;25,00;0000000604;DOS INST 4X5 PA145
04/11/2008;149;25,00;0000000605;BLIBLIOTHEQUE IKEA 185 X 185 NOIR
15/11/2008;180;25,00;0000000606;Lampes LUCIELES K9
21/11/2008;266,55;25,00;0000000607;FUJI INSTANT FILM 4X5
24/11/2008;843,5;25,00;0000000608;Ensemble Matériel CHIMIE
09/12/2008;65,78;33,33;0000000609;Plateau pour Rack 24U
17/12/2008;765;25,00;0000000610;ILFO MULTIGRADE FILTRE SET 3X3
17/12/2008;360;25,00;0000000611;Pate 35 mm Contact pro
21/11/2008;4932;25,00;0000000612;Agrandisseurs 6 X 7 LPL
11/09/2008;13007,22;20,00;0000000614;WACOM INTUOS 3 Format a4
24/10/2008;2019,5;20,00;0000000615;Kit Nikon D300 18-70DX
24/10/2008;655,7;20,00;0000000616;Dos A12 Série 30SR16149
24/10/2008;559,13;20,00;0000000617;Dos 120 6x7 rz mamiya série 524221
24/10/2008;545,59;20,00;0000000618;Objectif AF S 60 mm série 232925
24/10/2008;2619,24;20,00;0000000619;Xeno 1500 Xenolux 1500
31/10/2008;12174,17;20,00;0000000620;Licence Bundle adobe CS3 désign
12/11/2008;14136,5;20,00;0000000621;Kit NIKON D300 18-70 DX
12/11/2008;2067,98;20,00;0000000622;Objetif af s vr 70-200
17/07/2009;314,07;20,00;0000000625;Power connect 2824 web 3TJGFH1
17/07/2009;314,07;20,00;0000000626;Power connect 2824 web 59KGFH1
27/07/2009;2601,3;20,00;0000000627;Zeiss Distagon CFE 4/40mm
27/07/2009;1603,84;20,00;0000000628;Objectif Maniya Sekor Z50mm/4.5
27/07/2009;432;20,00;0000000629;Objectif AF Nikkor 85mm f/1.8D Niko
27/07/2009;653,01;20,00;0000000630;DigiproF Flashmètre/posemètre tête
29/07/2009;10752,04;20,00;0000000631;Dos P30 + HASSELBLAD V Classic
29/07/2009;825,24;20,00;0000000632;Adaptateur Maniya RZ/dos H/P
29/07/2009;1315,6;20,00;0000000633;OCC Boitier RZ +110mm OK318762332
13/08/2009;1829,88;100,00;0000000634;Logiciel Gestion stock
31/08/2009;2619,24;20,00;0000000635;Xeno-1500 xenolux 1500 multiblitz
31/08/2009;741,52;20,00;0000000636;Riflex-80 Boite à lumière 80x80cm
11/09/2009;1169,69;33,33;0000000637;Vidéoprojecteur EPSON EBG X6 XGA
28/10/2009;434,9;33,33;0000000639;Tamron Objectif AF 18-200mm F3.5-6.
28/10/2009;1379;25,00;0000000640;Nikon APM D300nu
28/10/2009;1379;2,08;0000000641;Nikon APM D300 nu
20/10/2009;1393,34;33,33;0000000642;PC PrécisionT3500 Mini tour 39QSH4J
20/10/2009;1393,34;33,33;0000000643;PC Précisiont3500 minitour 49QSH4J
20/10/2009;1393,34;33,33;0000000644;PC PrécisionT3500 mini tour 59QSH4J
20/10/2009;1393,34;33,33;0000000645;PC PrécisionT3500 mini tour 69QSH4J
20/10/2009;1393,34;33,33;0000000646;PC PrécisionT3500 minitour 79QSH4J
20/10/2009;1393,34;33,33;0000000647;PC PrécisionT3500 mnitour 89QSH4J
20/10/2009;1393,34;33,33;0000000648;PC PrécisionT3500 minitour 99QSH4J
20/10/2009;1393,34;33,33;0000000649;PC PrécisionT3500 minitour B9QSH4J
08/09/2009;425,77;25,00;0000000651;Chaises Cluny  T0758
08/09/2009;193,75;25,00;0000000652;Chaises Etude T6 T5018
08/09/2009;258,33;25,00;0000000653;Chaises T6 T3000
08/09/2009;267;25,00;0000000654;TABLE Romane 130 X50 T3000
08/09/2009;267,87;25,00;0000000655;Distributeurs bobines dévidages
07/10/2009;289,3;50,00;0000000656;Media card reader USB
23/07/2009;1255,8;20,00;0000000658;PC Mini tour T3500 N° 140WD4J
23/07/2009;1255,8;20,00;0000000659;PC Mini tour T3500 N° 240WD4J
23/07/2009;1255,8;20,00;0000000660;PC Mini tour T3500 N° J30WD4J
23/07/2009;1255,8;20,00;0000000661;PC Mini Tour T3500 N° 340WD4J
23/07/2009;1255,8;20,00;0000000662;PC Mini Tour T3500 N° 440WD4J
23/07/2009;1255,8;20,00;0000000663;PC Mini tour T3500 N° 540WD4J
23/07/2009;1255,8;20,00;0000000664;PC Mini tour T3500 N° 640WD4J
01/07/2009;1255,8;20,00;0000000665;PC Mini tour T3500 N° 740WD4J
23/07/2009;1255,8;20,00;0000000666;PC Mini tour T3500 N° 7Y3WD4J
23/07/2009;2344,16;20,00;0000000667;PC Mini Tour T3500 N° 840WD4J
23/07/2009;2344,16;20,00;0000000668;PC Mini tour T3500 N° 8Y3WD4J
07/12/2009;27508;20,00;0000000669;Le frontière FR 370 SP2000 LP2000/2
08/09/2009;10000;50,00;0000000670;Lot matériel photo Menguy
30/06/2010;139,7;50,00;0000000672;Crochets triple
30/06/2010;535,8;50,00;0000000673;Mi axe Expan
01/11/2009;600;50,00;0000000674;Ensemble MAMIYA RB 67
29/08/2008;511,09;20,00;0000000678;Ecran LCD 195VXM
30/10/2007;1224,01;33,33;0000000679;VE-DA HP DV6599EF SCANDISK
08/12/2010;476,99;33,33;0000000681;Matériel P/TP Technologie md
09/12/2010;153,51;25,00;0000000682;ETC TE 240-35MM
09/12/2010;85,75;25,00;0000000683;Norme ISO 15739 : 2003
14/12/2010;3103,99;33,33;0000000684;Luminance mètre minolta LS 100
27/07/2010;435,34;20,00;0000000685;Digipro F Flahmètre-posemetre orien
31/08/2010;698,6;33,33;0000000686;Ecran GELEXON 220 X 220
03/09/2010;369,56;33,33;0000000688;PC Power Connect 2824
04/09/2010;1201,68;33,33;0000000689;PC  mini tower T3500 2L4SV4J
04/09/2010;1201,68;33,33;0000000690;PC mini toxer T3500 3L4SV4J
04/09/2010;1201,68;33,33;0000000691;PC mini tower T3500 4L4SV4J
04/09/2010;1201,68;33,33;0000000692;PC mini tower T3500 5L4SV4J
07/09/2010;349,23;20,00;0000000693;Tables et chaises Romane
07/09/2010;5346,12;33,33;0000000694;Vidéoprojecteur Epson XGA EMP1910
09/09/2010;107,87;33,33;0000000695;Support plafond Vidéoprojecteur
13/09/2010;543,46;25,00;0000000696;Baionnette RIFEX RIREC RIRIP
13/09/2010;104,76;50,00;0000000697;Crochets triples
13/09/2010;382,73;50,00;0000000698;Mi axe Expan
20/09/2010;1673,2;33,33;0000000699;EOS 7D +EFS18-135 IS CANON
20/09/2010;1673,2;33,33;0000000700;EOS 7D +EFS18-135 IS CANON
20/09/2010;1673,2;33,33;0000000701;EOS 7D +EFS18-135 IS CANON
20/09/2010;1673,2;33,33;0000000702;EOS 7D +EFS18-135 IS CANON
20/09/2010;1673,2;33,33;0000000703;EOS 7D +EFS18-135 IS CANON
20/09/2010;1673,2;33,33;0000000704;EOS 7D +EFS18-135 IS CANON
20/09/2010;1673,2;33,33;0000000705;EOS 7D +EFS18-135 IS CANON
20/09/2010;1673,2;33,33;0000000706;EOS 7D +EFS18-135 IS CANON
15/10/2010;388;33,33;0000000707;Wacom stylet grip pen
15/10/2010;3359,92;33,33;0000000708;Flash Canon Speedite 580EX II
15/10/2010;679,89;33,33;0000000709;Scanner Epson perfection V750 Pro
04/10/2010;714,65;25,00;0000000710;Ensemble Matériel de sport
09/12/2010;75,03;25,00;0000000715;Norme ISO 16067-1 : 2003
09/12/2010;85,75;25,00;0000000716;Norme ISO 17321-1 : 2006
09/12/2010;61,28;25,00;0000000717;Norme ISO 21550 : 2004
07/03/2011;2256,25;25,00;0000000718;MALUX-36 Générateur magnolux
20/06/2011;22728,78;14,29;0000000719;Serveur informatique Salle des élév
20/06/2011;1662,44;14,29;0000000720;Serveur informatique salle des élèv
28/05/2011;638,24;33,33;0000000721;PC Portable Packard bell NM98GU899F
30/09/2011;766,88;25,00;0000000726;Posemètre
29/11/2011;2083,14;20,00;0000000727;KIT PREMIUMSKYLITE
06/12/2011;328,95;20,00;0000000728;BASE PIED BACKLITE
12/12/2011;5084,05;20,00;0000000729;KIT PREMIER SKYLITE
12/12/2011;963,14;33,33;0000000730;IMPRIMANTE COULEUR
20/12/2011;806,85;33,33;0000000731;ORDINATEUR ACER
20/12/2011;125,33;33,33;0000000732;ACHAT INTERNET
22/08/2011;119;33,33;0000000733;DISQUE DUR FREE
22/08/2011;288,93;33,33;0000000734;BROADCOM NETXTREME
31/12/2011;2333,16;25,00;0000000735;KIT PREMIUM SKYLITE
31/12/2011;378,85;25,00;0000000736;TABLE SPORT 250
18/01/2012;1032,29;33,33;0000000737;PC ACER ASPIRE S3-951-2464G52
11/01/2012;189,85;100,00;0000000738;CADDY LIFE TADI 105CH 5P
31/01/2012;1900;50,00;0000000740;Chambre Sinar P arrière P2
31/01/2012;1300;50,00;0000000744;Chambre Sinar F
31/01/2012;100;50,00;0000000745;Valise
31/01/2012;100;50,00;0000000746;Soufflet 13x18
31/01/2012;100;50,00;0000000747;Dos 6x7
31/01/2012;600;50,00;0000000748;Objectif Schneider super Angulon 8/
31/01/2012;600;50,00;0000000749;Objectif Schneider super Angulon 8/
31/01/2012;500;50,00;0000000750;Objectif Schneider Symar 5.6/150
31/01/2012;500;50,00;0000000751;Objectif Schneider Symar 5.6/240
31/01/2012;500;50,00;0000000752;Objectif Rodenstock aporonar 9/360
31/01/2012;800;50,00;0000000753;Pied colonne 2.50m
14/12/2012;342,65;25,00;0000000754;Trihap trigger télécommande
14/12/2012;1240,25;25,00;0000000755;Murast Emetteur radio
14/12/2012;400,66;25,00;0000000756;Ribus cone avec nid d'abeille
14/12/2012;15168,27;25,00;0000000757;X10A Flash X10 Hybrid 1000W/S
14/12/2012;861,12;25,00;0000000758;3800 Pied key stand sections noir
14/12/2012;727,17;25,00;0000000759;Lukla1 cloche pirex de protection
14/12/2012;959,79;25,00;0000000760;Rinos93 réflecteur std 27cm
14/12/2012;822,25;25,00;0000000761;RIGLAM90 Boite à lumière
14/12/2012;1207,96;25,00;0000000762;Ribrol parapluie super brolly 150 c
19/12/2012;7184,97;25,00;0000000763;X10A flash x10 hybrid 1000 w/s
19/12/2012;727,17;25,00;0000000764;Lukla1 cloche pirex de protection
19/12/2012;1028,56;25,00;0000000765;Digipro F2 Flashmetre posemetre
14/12/2012;3812,25;25,00;0000000766;058B Trépied triaut noir
01/07/2012;2078,95;25,00;0000000767;229 Rotule super 3D
19/07/2012;1500;50,00;0000000768;Agrandisseurs
19/09/2012;750;50,00;0000000769;Objectifs
19/07/2012;750;50,00;0000000770;Autoples et différents fonds
30/11/2012;1596,66;25,00;0000000771;X10A Flash x10
30/11/2012;76,55;25,00;0000000772;LUKLA1 Cloche pirex
30/11/2012;228,43;25,00;0000000773;Trihap tigger télécommande r
30/11/2012;218,87;25,00;0000000774;Murast émetteur radio
30/11/2012;861,12;25,00;0000000775;3800 Pied Key stand
13/09/2012;1783,23;25,00;0000000776;Chaise color T6 Assise hetre rouge
04/10/2012;363,58;25,00;0000000777;Chaise conference eco noire
04/10/2012;109,46;25,00;0000000778;Table eco 140x70
04/10/2012;184,92;25,00;0000000779;Tabke étudiant 80x60 gris bleu
04/10/2012;333,85;25,00;0000000780;Ecran mural manuel oray 200x200
04/10/2012;352,28;25,00;0000000781;Tableau blanc émaillé 150 x 100
07/09/2012;1308,6;25,00;0000000782;Whiteboard pro series 90x150
11/10/2012;983,78;25,00;0000000783;Table Etudiant 140x60
30/11/2012;249,36;25,00;0000000784;Rouleau fond papier BD Superwhite
30/11/2012;249,37;25,00;0000000785;Rouleau fond papier BD black
31/07/2012;7172,91;33,33;0000000786;PC Précision T3600 Nséries 425w
13/08/2012;6598,33;100,00;0000000787;Licence Adobe cs6 désign standard
27/07/2012;1691,29;33,33;0000000788;Power connect 2824
02/08/2012;307,44;33,33;0000000789;"rail de montage 19"""
23/08/2012;157,51;33,33;0000000790;Card reader 19
01/07/2012;3305,46;25,00;0000000792;AUTOLAVEUSE S43B BATTERIE
12/09/2012;91947,29;10,00;0000000795;Lot N° 9 Metallie FAUR
01/09/2012;827,4;50,00;0000000802;Matériel Photo Toli Glaceuse priox
14/08/2013;1309,8;33,33;0000000804;PC TOUR DELL H674KY1
14/08/2013;1309,8;33,33;0000000805;PC TOUR DELL 6174KY1
14/08/2013;1309,8;33,33;0000000806;PC TOUR DELL H874KY1
14/08/2013;1309,8;1 200,00;0000000807;PC TOUR DELL F474KY1
14/08/2013;1309,8;33,33;0000000808;PC TOUR DELL 1674KY1
14/08/2013;1309,8;33,33;0000000809;PC TOUR DELL 1B74KY1
14/08/2013;1309,8;33,33;0000000810;PC TOUR DELL 8X64KY1
14/08/2013;1309,8;33,33;0000000811;PC TOUR DELL G274KY1
14/08/2013;1309,8;33,33;0000000812;PC TOUR DELL JY64KY1
14/08/2013;1309,8;33,33;0000000813;PC TOUR DELL DC74KY1
14/08/2013;1309,8;33,33;0000000814;PC TOUR DELL 1074KY1
14/08/2013;1309,8;33,33;0000000815;PC TOUR DELL FB74KY1
14/08/2013;1309,8;33,33;0000000816;PC TOUR DELL 8F74KY1
14/08/2013;2220,26;33,33;0000000817;"ECRAN E1913 48CM 19"" led"
15/01/2014;2312,05;25,00;0000000818;HOTTE ASPIRATION
24/02/2014;312;25,00;0000000819;MICRO SENNHEISER MKE 400
24/02/2014;540,72;25,00;0000000820;MICRO AUDIOTECHNICA AT 899 + CABLES
24/02/2014;1135,81;33,33;0000000821;IMPRIMANTE EPSON STYLUS PRO 3880
06/03/2014;1036,25;33,33;0000000822;DDur  WESTERN DIGITAL AV GP 2TO PNY
31/03/2014;600;50,00;0000000823;SINAR P 4X5 +F1 PLATINE PHASE ONE
27/03/2014;2;100,00;0000000824;ECRANS BARCO
;;;;
;;;;
;;;;
;;;;
;;;;
;;;;
;;;;
;;;;
;;;;
;;;;
;;;;
;;;;
;;;;
;;;;
;;;;
;;;;
;;;;
